sample_id,exposure,outcome
1,-0.5391059094173849,-0.18979956945875487
2,1.0249982411760763,-0.11073122918135889
3,0.05160866517707774,0.13573715064383213
4,-1.4760819740743192,-0.10717554305239635
5,-1.7968476978224017,0.49629639659394137
6,0.14184336099195782,-0.3464780487118012
7,-0.4929354019469401,0.8482278716748692
8,0.562110961941787,-0.24043915121557508
9,0.6687085210781214,-0.6887978115400405
10,-0.7639793389249812,-1.6689913074720861
11,-0.6494896118348994,-1.328928873077142
12,0.05447079112102582,-1.9383421600197852
13,0.6162992862841816,0.5970967404095142
14,-1.1180865018237598,0.2887918941166194
15,1.0863241325165685,-0.18392480590318291
16,-0.7351305564889357,-0.2960878924507575
17,-0.7691211286186597,-1.1691093582591765
18,1.5612776953771663,-0.6876933502412115
19,1.4325102824162104,0.7950077989765792
20,-0.6377070850694078,-0.26272351468406857
21,-0.19668485377451028,-0.7607215297135478
22,-1.0557786847011856,-0.9490633222907343
23,-1.2646803351184035,1.4593308217213141
24,-1.5484254014404986,1.774157487800546
25,0.9374232944501488,0.900719499366716
26,1.7183564932939481,0.5443897897330381
27,0.17965469305835025,-0.4074241717476535
28,-1.1227695562979207,-0.716354103484195
29,-0.06362633274531326,-0.7326498758699804
30,1.5196158114611256,-1.0347068517864497
31,-1.003215989968813,0.9642128839368254
32,-0.7386239541956261,1.802514647357232
33,-0.25765398005585505,0.8790216764044624
34,-1.6548691811132912,0.8405351824421209
35,-0.8833101903543549,-2.070390878304948
36,1.4166464232629432,-0.29680891572221413
37,0.5303307607905798,-1.8849696510954688
38,-1.7050785218458695,1.7747881848413847
39,-0.22055895095480427,-1.6135528276077975
40,-0.12472312654734585,0.2013616574849954
41,-0.7597975230034568,-1.3061570236865065
42,0.30055206856345085,0.5182834522443954
43,-1.5021139805531636,0.03959052781616862
44,-1.0792433145601517,-0.28280069897321597
45,0.26495764994483983,0.8578809405057779
46,-0.8124782600908339,-1.110751330526126
47,1.6460594410922453,-0.9662987538873269
48,0.6468224569104362,-1.464955222353875
49,-1.7310422428892214,0.019582192719058783
50,-0.48766160585692786,-1.48928881131429
51,-1.757643582106143,-0.8724713380473617
52,0.722874796227303,0.4809880275159522
53,-0.21089418226865608,-2.0191284334018893
54,-0.784553090257349,0.641727199506469
55,-0.4810971219495168,-1.7235607292754744
56,0.4894814959748699,-0.39206811540587194
57,-0.6786428149210812,1.20311300078359
58,1.2662256578078017,-0.10062991239661588
59,-0.9726515850847463,-1.6581259184574468
60,0.7913341999802481,1.2769429678148956
61,0.4960921484913927,-1.4148729049911255
62,-1.5421568206272016,-2.344377356819622
63,1.2100711648857245,-0.5838971689288676
64,-0.30350716627226393,2.220887824397085
65,-0.38865094488103114,-1.0659752416065185
66,1.3273879641279163,-0.21171877930836747
67,1.254707265473997,0.2853534826484848
68,1.3924820236579876,1.9453636349567784
69,-0.7680722094127221,-2.196098650885857
70,1.7833678089116327,0.020949686000004353
71,-1.517547166558105,-1.5537832519148003
72,1.3141954632707475,0.12841580104141276
73,-0.9548367035841221,1.7631643109944604
74,-1.6711102323132785,1.3626054853535294
75,-1.5622818118860071,0.12649013653831231
76,-0.7832365678624027,0.2303102906575209
77,0.5239216708773939,0.4440880651984008
78,-0.6573677506036639,-0.06482559701172094
79,1.0135044874571906,-0.4315797872481454
80,-0.3286204428888666,-0.08879774498257506
81,-0.13468252737828168,0.09990236675613377
82,-1.054881576128896,-0.3527602192633402
83,-0.26836645771934964,3.4185921533382855
84,-0.6693433181857595,0.9242428001463352
85,-1.5067377003339109,-1.2488737094274625
86,0.34617338128250474,-0.30879066281415946
87,-0.8384245432835549,1.7565799071016253
88,0.26145855334154766,0.3841080479199523
89,-1.7262898996394949,-0.44544642196193585
90,-0.17431226023306667,-1.2733170851008286
91,0.4817803314282252,1.305394662841598
92,-0.9744277742497075,1.3062452990133948
93,0.7060815907184399,-1.2336174180475543
94,-0.10914789846372375,0.47501934311391575
95,0.4238732062092947,1.0649589356509823
96,-1.003886405511174,1.2816898488400934
97,-1.6576851191333886,0.878706199618416
98,-0.13978172882733464,1.5890564263298799
99,-1.2985532381779301,-0.8559511946787705
100,-1.2644368118124103,-0.3113536802596249
101,1.5116086982330204,2.011138932335287
102,0.46387668565655393,-0.243794073760935
103,-1.2853781576974765,-1.5313814115047484
104,0.619171518116419,2.119560183151309
105,1.2682509533694948,0.44342644827893474
106,0.44873181830664044,-0.677478021218493
107,1.2646342504388437,-0.056050991659458926
108,1.6427456993242189,0.8347112536185959
109,0.4907415230975347,1.1931342971336583
110,-1.2545362875981731,0.5063070454747272
111,1.414943457903122,0.0028369458523731517
112,1.3597571660076786,0.9150134192999433
113,-0.06529390462601903,0.920918544140526
114,0.5183668037449001,1.3842909982355764
115,1.5823694361152103,-0.5569178528039973
116,-1.4288004448108556,-0.04185697328406232
117,-0.053505593028517096,-0.7462390536236706
118,-1.4258949589799403,0.9546420628440196
119,1.3494637081913992,-0.9619115973847017
120,-1.141172693908901,0.01922989459924282
121,-0.3970846294652637,-1.677654137709221
122,-0.9984054177722036,0.43647790255241864
123,-1.340944033533244,0.30141307063182204
124,-0.06685348137451941,-0.21597422402843033
125,0.35244578265056803,0.473036727059546
126,1.6651211925313045,-0.13975266878392226
127,-0.7229648690249908,-0.4034059922519346
128,-0.5352412292544186,1.539045894844405
129,-0.8920877317569372,-0.3310097893210526
130,0.3179450392955656,0.16397919005550907
131,-0.8288882882461651,0.5044745636706555
132,-0.39510570048336824,0.47735584426734085
133,-0.04078845232269024,-0.6771189469472867
134,1.6208792828084986,0.3697905084618852
135,1.7974624850576701,-0.36139380847081654
136,-0.2833501688050213,1.5600244133721646
137,0.4952611957370283,-0.14654286117375923
138,-0.3901883787441367,1.19073277016039
139,1.3887742546339268,-0.26939295695600335
140,0.2962818851917086,0.4146785330657158
141,0.07274036185722954,-0.10266718900347177
142,-1.220648157764513,1.1030762985296094
143,-1.328265733451653,0.007844934168321244
144,0.8222726780129979,0.36576478586541356
145,-0.37437531436299176,0.9692891559114064
146,-0.4040541005500362,1.390113678427462
147,-0.38721335227723364,-0.4255988940992111
148,-0.4450782789746184,-0.06717822056961326
149,-0.6086292537034004,-1.1968347864282578
150,0.8067927063038505,-1.6649498888097223
151,-0.13852555114153353,-1.5726934674362099
152,-1.2228289590721482,1.7998389542427717
153,0.1709997173526261,-0.004337685513364473
154,-1.6047331220355299,0.07213686009643341
155,-0.5999637721225908,0.30178622910054154
156,-0.41058421254059274,0.06417402826471374
157,1.4625108037089298,-0.12637075493798347
158,1.1313646757887674,0.7152814857930094
159,0.20478232902042737,-1.2934788675851518
160,-0.7368870049745626,-1.3679218972256648
161,-1.6236808760134143,-0.9733173928726596
162,-0.6089365047702593,0.1937026662753552
163,-0.28110306312628675,-1.2391335118400755
164,0.12077525823665791,1.3694608326600852
165,0.12280408162668022,0.19778367390406465
166,-0.3521940642044965,0.6512244383282774
167,0.7551928427971293,2.146872066019588
168,-0.10818300423699645,-0.1388270988866413
169,-0.4082998022016704,0.0800319420578734
170,0.11549865860876363,-0.08225628553710851
171,0.5101369483429996,-0.3239566474369072
172,1.373226180439923,-1.448553964574892
173,-1.5360444081928717,0.08357677901403038
174,-0.49763170957320124,0.34344898626716236
175,0.3117194216411565,0.37678729275442846
176,-0.6767509834227059,-1.537253022259486
177,0.7804721420507279,-0.5584699169939595
178,0.38897770260701203,-0.7691701832159262
179,-1.3533634957185194,1.1738810192635967
180,0.0042288863312216485,-1.5057353089406833
181,9.0,8.0
182,10.0,10.0
183,11.0,10.0
184,12.0,13.0
185,13.0,12.0
186,14.0,15.0
