student_id,gender,grade,short_video_hours,study_hours,sleep_hours,exercise_minutes,exam_score,satisfaction
S0001,男,大四,4.07,3.9,7.05,21.8,66.9,3.76
S0002,男,大二,3.53,2.15,6.48,20.8,56.1,3.28
S0003,女,大四,1.67,4.48,6.75,55.9,80.9,4.0
S0004,男,大三,0.77,4.72,7.64,37.9,81.4,3.96
S0005,男,大一,0.1,0.96,7.1,28.2,45.2,4.32
S0006,男,大四,1.87,1.81,7.39,41.0,76.0,4.2
S0007,女,大三,5.28,3.67,7.67,0.0,69.4,4.8
S0008,男,大三,3.0,3.09,6.78,31.2,56.3,3.5
S0009,女,大一,1.86,3.48,7.74,68.0,85.1,4.34
S0010,男,大四,3.03,2.39,7.42,34.4,72.6,3.23
S0011,男,大四,0.7,4.64,6.05,33.2,63.1,2.42
S0012,女,大二,2.16,4.51,8.33,41.9,96.8,5.0
S0013,女,大一,2.61,3.59,6.67,48.1,78.4,3.34
S0014,男,大四,2.4,4.97,5.69,0.0,77.0,3.4
S0015,女,大四,3.41,4.11,6.21,1.7,90.2,3.07
S0016,男,大三,2.9,2.38,6.23,35.8,66.5,2.51
S0017,男,大三,3.27,3.98,7.14,19.1,72.6,3.37
S0018,女,大一,1.71,2.25,6.87,55.6,58.3,4.39
S0019,女,大一,3.53,4.64,6.81,26.3,82.1,3.67
S0020,女,大四,4.37,3.44,7.63,0.0,75.2,2.19
S0021,女,大二,1.38,3.26,7.39,9.2,71.2,3.29
S0022,女,大二,1.48,2.61,7.37,0.0,59.1,4.88
S0023,女,大三,4.04,5.09,7.45,27.8,79.4,3.32
S0024,男,大一,2.28,3.3,7.62,28.6,70.0,2.12
S0025,女,大一,4.11,2.94,5.31,24.4,51.2,4.1
S0026,男,大一,1.99,3.04,6.79,51.4,52.9,3.76
S0027,男,大二,4.17,4.19,5.25,53.6,78.0,2.51
S0028,男,大二,2.65,3.98,7.13,28.9,44.7,3.06
S0029,男,大一,2.8,4.04,7.1,0.0,75.8,4.21
S0030,女,大二,4.3,4.06,7.99,43.1,68.0,3.28
S0031,男,大二,2.08,6.28,8.11,42.0,100.0,4.68
S0032,女,大三,1.42,2.97,7.27,37.6,64.1,3.85
S0033,女,大三,1.98,2.83,6.67,49.7,75.2,3.36
S0034,女,大四,3.02,2.44,7.51,11.0,61.7,3.63
S0035,男,大四,0.7,4.3,6.65,68.2,77.1,3.01
S0036,男,大二,3.23,4.97,7.1,14.7,85.8,4.18
S0037,男,大四,1.88,3.35,7.94,45.5,66.4,3.0
S0038,男,大三,3.82,2.41,6.63,1.6,75.5,1.85
S0039,女,大一,0.1,2.43,7.78,15.3,57.3,4.12
S0040,男,大二,1.6,4.35,7.68,59.3,79.5,4.09
S0041,女,大三,0.56,4.47,6.29,27.3,86.6,3.39
S0042,男,大四,1.55,4.21,7.93,47.1,83.1,4.02
S0043,女,大二,2.78,2.63,7.69,36.3,88.3,3.33
S0044,男,大一,2.29,3.8,7.19,30.1,64.4,4.01
S0045,女,大一,2.21,3.65,6.45,56.5,56.4,3.03
S0046,男,大一,2.32,3.78,6.37,27.7,61.1,2.65
S0047,女,大三,2.73,4.63,6.64,0.0,83.3,2.9
S0048,女,大三,1.34,3.79,7.56,17.5,79.2,5.0
S0049,男,大二,3.31,4.38,6.29,41.9,75.3,1.61
S0050,女,大三,3.26,3.59,7.47,39.1,59.0,3.9
S0051,女,大四,2.94,3.88,6.04,3.8,80.2,1.56
S0052,女,大四,3.14,4.32,6.93,19.0,61.0,3.18
S0053,女,大一,2.84,1.61,7.19,21.5,74.6,3.03
S0054,女,大三,4.84,3.08,9.18,25.4,100.0,2.55
S0055,男,大四,2.4,2.89,5.93,7.2,71.4,3.16
S0056,女,大四,2.15,2.67,8.35,20.7,74.8,3.56
S0057,女,大二,1.63,3.14,7.23,18.9,64.7,1.72
S0058,女,大二,1.31,5.44,7.45,45.9,61.7,4.16
S0059,男,大四,1.07,2.37,7.2,46.6,60.2,4.53
S0060,男,大一,1.48,4.76,7.48,29.4,66.2,4.69
S0061,女,大三,2.42,1.31,6.97,24.9,44.7,3.57
S0062,女,大一,2.88,3.06,8.34,34.5,88.7,3.9
S0063,女,大四,2.56,3.71,6.71,17.3,74.8,4.24
S0064,男,大一,1.62,4.26,8.06,11.4,80.4,5.0
S0065,男,大一,3.54,4.42,6.55,15.1,71.0,4.02
S0066,男,大二,3.35,4.53,7.05,20.6,73.5,2.57
S0067,女,大一,2.32,3.05,6.19,11.1,79.0,3.12
S0068,男,大二,1.75,2.9,7.49,34.9,68.7,3.86
S0069,女,大二,3.13,4.62,8.33,45.1,82.9,2.41
S0070,男,大二,2.72,3.25,7.03,3.4,67.6,3.69
S0071,男,大三,0.83,1.84,6.93,32.5,60.4,5.0
S0072,女,大三,2.42,2.03,6.15,28.0,47.9,3.46
S0073,男,大四,2.8,2.3,6.91,38.1,43.3,4.44
S0074,男,大二,1.47,4.15,5.75,31.8,71.0,2.92
S0075,女,大三,2.72,3.69,6.32,5.8,71.9,2.96
S0076,女,大三,0.83,4.4,7.29,9.3,62.6,3.73
S0077,女,大一,4.04,2.94,8.22,32.5,67.9,3.16
S0078,男,大三,3.94,3.71,9.49,50.5,73.6,3.57
S0079,女,大四,2.21,4.31,6.6,0.0,51.1,4.15
S0080,女,大二,2.92,3.1,8.32,38.2,59.8,4.95
S0081,男,大一,0.1,4.09,7.31,53.4,80.3,2.64
S0082,女,大二,1.17,2.64,6.97,29.2,72.1,4.06
S0083,女,大二,2.16,3.03,7.47,41.9,56.7,3.43
S0084,男,大三,1.27,3.0,7.15,19.3,71.4,3.64
S0085,男,大四,3.32,1.95,7.19,29.9,74.4,3.75
S0086,男,大三,4.8,4.13,6.75,2.8,80.8,3.99
S0087,女,大一,1.15,2.89,5.91,0.0,67.1,2.91
S0088,女,大二,1.54,3.52,5.79,49.0,65.7,3.92
S0089,女,大三,2.77,4.12,7.66,14.3,67.5,3.82
S0090,男,大二,4.35,4.08,6.86,23.8,77.6,3.74
S0091,女,大三,1.09,4.37,6.59,7.0,78.0,2.46
S0092,女,大三,2.79,3.37,7.11,6.6,77.2,5.0
S0093,男,大二,4.59,2.95,7.78,28.9,69.0,4.0
S0094,男,大三,0.6,3.4,7.25,18.9,81.1,3.98
S0095,男,大二,1.03,1.31,6.54,38.8,62.2,1.82
S0096,女,大一,2.01,1.62,8.14,40.1,71.9,3.12
S0097,男,大二,1.9,1.78,8.44,37.8,73.9,4.9
S0098,女,大二,3.43,2.2,7.52,36.3,55.7,3.75
S0099,男,大一,2.78,4.02,7.93,60.4,54.2,2.16
S0100,女,大四,0.46,2.32,8.16,12.8,84.7,4.62
S0101,男,大三,3.09,3.01,8.06,31.0,71.9,3.31
S0102,女,大一,1.84,5.19,7.62,52.4,61.3,4.69
S0103,男,大四,3.97,3.04,7.61,54.8,60.4,3.49
S0104,女,大四,1.78,4.46,7.54,6.4,85.1,3.69
S0105,男,大一,1.77,2.29,6.17,26.4,62.0,3.89
S0106,女,大一,3.12,3.23,7.7,56.4,64.3,2.87
S0107,女,大二,3.38,2.26,5.95,41.1,79.1,2.06
S0108,女,大三,3.02,3.06,6.42,35.5,56.6,2.9
S0109,男,大三,0.56,4.59,8.21,28.1,69.8,4.47
S0110,女,大二,3.12,1.25,7.81,25.1,62.8,2.58
S0111,女,大三,1.31,4.06,8.36,37.2,80.0,2.54
S0112,男,大一,2.77,3.81,6.87,27.5,77.7,3.9
S0113,女,大三,0.86,2.73,6.12,31.2,77.8,2.45
S0114,女,大四,3.01,1.62,6.9,33.4,63.8,2.94
S0115,男,大三,1.57,3.59,7.19,19.8,77.7,1.89
S0116,男,大二,1.02,2.81,7.17,41.6,66.1,2.83
S0117,男,大二,3.32,3.8,8.06,84.5,73.5,3.74
S0118,男,大四,2.78,3.53,6.79,0.0,72.0,3.96
S0119,女,大一,1.79,5.58,7.4,37.8,84.2,2.85
S0120,女,大二,4.17,3.19,6.26,18.3,76.3,4.31
S0121,女,大一,1.99,2.17,7.48,42.4,71.5,2.96
S0122,男,大四,2.54,3.73,7.1,32.8,72.7,2.8
S0123,男,大二,2.81,3.79,6.46,45.7,62.9,4.3
S0124,女,大四,1.79,5.27,6.9,53.2,80.7,3.43
S0125,男,大三,3.04,4.59,6.94,35.5,75.5,2.83
S0126,女,大三,1.89,3.96,6.87,52.4,75.7,3.12
S0127,女,大三,2.03,5.4,8.61,0.0,100.0,5.0
S0128,男,大一,4.07,1.95,7.02,60.6,56.8,4.48
S0129,男,大三,1.3,2.67,6.89,38.8,72.5,2.6
S0130,男,大三,0.1,2.3,5.32,51.4,77.4,2.56
S0131,男,大四,4.35,2.99,6.34,10.0,67.9,3.09
S0132,男,大三,5.43,1.71,6.88,17.0,86.0,2.46
S0133,男,大四,2.03,4.33,6.52,34.6,70.8,3.05
S0134,女,大四,0.27,3.21,8.27,31.7,75.8,3.84
S0135,女,大三,2.14,1.59,6.96,37.1,53.3,4.2
S0136,男,大二,2.17,2.18,8.2,51.5,62.0,4.77
S0137,女,大一,2.28,3.91,7.15,0.2,76.0,3.1
S0138,女,大二,1.22,4.59,7.13,49.5,86.6,3.18
S0139,女,大四,3.17,6.1,7.02,32.1,86.6,3.84
S0140,女,大一,3.1,7.29,7.1,28.3,100.0,2.88
S0141,男,大二,0.78,4.04,8.56,5.5,75.0,4.43
S0142,女,大三,3.3,2.21,5.13,41.1,59.2,2.44
S0143,女,大一,4.86,0.73,5.4,0.0,84.6,1.85
S0144,男,大四,2.7,3.85,6.64,43.7,76.6,2.38
S0145,女,大三,2.11,2.44,7.11,5.1,58.4,4.5
S0146,女,大一,2.34,2.96,7.69,33.0,61.5,3.46
S0147,女,大一,3.21,2.7,7.5,29.9,56.8,4.82
S0148,男,大三,0.51,3.32,6.77,53.1,81.7,2.79
S0149,女,大四,2.69,4.89,7.97,28.8,74.3,3.94
S0150,男,大四,2.05,3.7,7.98,19.5,74.5,5.0
S0151,女,大四,4.62,3.29,7.26,22.9,68.1,2.56
S0152,男,大一,2.3,2.15,7.92,54.9,73.5,2.17
S0153,女,大三,4.42,1.32,7.33,41.7,50.2,4.47
S0154,男,大一,1.23,2.87,6.62,25.1,56.8,2.48
S0155,女,大一,3.18,3.43,7.69,27.7,73.3,3.57
S0156,男,大三,2.87,5.8,7.19,3.8,88.6,2.91
S0157,女,大二,1.5,3.67,7.1,39.0,76.3,3.56
S0158,女,大三,2.7,4.78,8.35,0.3,69.2,3.11
S0159,女,大四,3.89,2.85,5.02,45.5,72.8,2.32
S0160,女,大一,2.13,1.96,5.89,34.3,54.9,3.2
S0161,女,大三,0.55,2.25,6.09,75.0,59.9,2.11
S0162,男,大四,2.48,2.56,6.79,12.2,56.0,2.65
S0163,女,大二,1.46,6.27,6.88,30.2,99.3,2.97
S0164,女,大三,2.11,2.43,5.82,64.4,72.2,1.66
S0165,男,大二,2.41,4.59,6.26,53.4,82.4,2.65
S0166,女,大四,0.54,2.33,6.37,19.5,80.0,3.13
S0167,女,大一,0.64,4.71,9.19,36.0,100.0,3.9
S0168,女,大四,3.05,4.0,8.63,32.0,55.6,3.77
S0169,女,大四,1.9,3.3,6.75,37.1,62.2,3.18
S0170,女,大四,0.1,3.45,6.79,19.4,65.5,2.69
S0171,女,大二,3.4,2.65,6.12,30.4,56.3,3.48
S0172,女,大三,2.81,4.08,5.48,3.2,60.5,3.81
S0173,男,大二,1.68,2.91,7.0,34.4,65.5,2.93
S0174,女,大二,0.99,1.91,6.25,40.1,50.5,3.37
S0175,男,大四,3.46,1.84,7.03,27.9,66.1,3.12
S0176,男,大三,2.9,3.72,5.74,2.9,71.4,3.06
S0177,女,大三,5.24,5.55,6.45,49.8,83.8,4.32
S0178,女,大一,2.98,3.71,7.23,38.6,77.5,3.8
S0179,男,大四,2.95,3.35,7.41,18.9,77.0,2.05
S0180,男,大三,2.31,3.87,7.45,26.9,69.2,3.85
S0181,女,大四,3.44,5.2,5.98,5.0,100.0,3.86
S0182,男,大一,3.22,3.79,7.83,13.5,75.2,3.47
S0183,男,大三,3.94,2.97,6.42,22.3,46.5,3.85
S0184,女,大三,1.9,4.94,7.64,54.1,67.9,3.02
S0185,女,大三,2.0,4.06,7.09,20.5,55.0,2.15
S0186,男,大一,1.95,5.5,5.93,43.5,80.4,2.96
S0187,女,大二,3.41,3.74,6.83,22.3,70.1,1.82
S0188,男,大二,4.22,1.91,7.41,36.5,57.4,3.28
S0189,女,大三,1.97,1.72,7.62,29.5,85.5,4.59
S0190,男,大一,2.01,5.65,6.98,47.7,87.7,1.76
S0191,女,大二,2.86,5.74,8.4,22.4,90.7,2.87
S0192,女,大三,2.22,3.27,7.96,3.7,60.7,2.88
S0193,女,大一,3.59,3.0,6.88,7.1,56.8,3.2
S0194,女,大四,0.1,5.4,7.74,22.4,82.8,3.32
S0195,男,大三,1.55,2.06,8.74,9.5,68.1,5.0
S0196,女,大一,1.6,2.34,8.77,39.4,47.1,4.81
S0197,男,大一,0.1,4.34,6.06,23.6,74.0,3.3
S0198,男,大四,1.39,2.99,6.31,74.7,69.0,3.13
S0199,女,大二,1.45,3.49,8.36,0.7,70.5,4.19
S0200,男,大四,2.27,3.29,6.2,35.7,60.6,2.27
S0201,男,大二,3.78,3.94,5.98,11.7,65.5,3.56
S0202,男,大二,2.22,5.33,6.69,23.1,77.8,2.28
S0203,女,大二,1.31,3.62,7.46,34.5,73.8,4.16
S0204,男,大三,2.43,4.34,7.01,0.0,81.8,4.25
S0205,男,大一,3.71,0.83,6.55,36.3,68.9,3.28
S0206,男,大二,1.38,3.44,6.53,66.3,67.9,2.96
S0207,女,大二,1.45,2.4,6.49,23.8,61.1,3.41
S0208,男,大一,3.14,1.92,6.35,36.7,67.3,1.0
S0209,女,大二,2.25,2.36,9.04,50.4,74.1,4.4
S0210,女,大三,3.24,3.07,7.35,29.0,63.9,3.36
S0211,女,大三,2.48,4.69,7.85,21.5,86.2,3.62
S0212,男,大一,3.31,1.78,6.68,0.0,72.7,3.73
S0213,男,大四,1.31,3.54,6.94,43.5,86.2,3.22
S0214,女,大四,2.49,2.87,6.49,30.0,87.2,2.18
S0215,男,大三,2.26,3.07,4.85,13.8,57.9,2.28
S0216,女,大四,1.1,4.8,5.93,34.3,77.6,2.9
S0217,女,大二,0.7,4.2,5.56,21.5,74.6,2.79
S0218,男,大四,3.29,5.24,5.19,22.5,76.3,2.67
S0219,男,大三,2.1,3.3,6.08,42.9,62.5,3.75
S0220,男,大三,1.32,2.6,8.23,7.9,52.2,2.95
S0221,男,大一,2.39,3.21,7.06,50.9,70.8,3.47
S0222,女,大三,3.8,3.82,8.2,6.8,64.2,4.83
S0223,男,大四,0.1,3.73,7.45,20.1,75.1,2.1
S0224,女,大四,0.78,2.09,7.77,66.6,57.4,3.77
S0225,男,大二,1.44,3.62,6.33,52.3,59.7,2.55
S0226,女,大一,4.18,3.8,7.55,33.8,74.3,3.23
S0227,女,大三,2.82,6.77,7.72,15.1,88.8,2.88
S0228,女,大一,3.38,5.94,6.61,22.5,88.2,3.0
S0229,男,大一,1.19,2.39,7.58,33.3,91.1,5.0
S0230,女,大三,1.21,3.13,7.58,32.7,73.7,2.53
S0231,男,大四,3.01,1.6,6.63,30.4,66.6,2.21
S0232,男,大二,2.57,2.73,6.15,31.4,54.8,1.9
S0233,女,大二,3.13,3.91,6.09,28.1,57.7,4.3
S0234,男,大二,2.28,5.07,7.17,6.0,96.3,3.0
S0235,女,大二,2.82,2.55,7.38,22.7,56.4,3.44
S0236,女,大一,2.68,2.65,6.43,48.5,54.9,2.74
S0237,男,大三,3.39,0.71,7.12,7.4,56.7,2.6
S0238,女,大三,3.43,3.29,7.58,28.6,68.9,3.36
S0239,女,大二,0.64,2.12,7.63,17.2,56.3,5.0
S0240,女,大二,0.1,2.81,8.42,34.0,67.2,5.0
S0241,男,大四,3.65,2.36,8.19,25.0,79.2,3.12
S0242,女,大一,3.87,3.38,6.25,58.6,60.0,3.5
S0243,女,大一,1.33,1.21,8.53,41.1,46.8,3.28
S0244,男,大一,0.36,1.59,6.65,8.4,73.5,1.73
S0245,女,大四,2.61,6.27,7.99,44.1,90.5,4.53
S0246,男,大二,3.57,1.83,7.16,18.1,55.6,4.29
S0247,女,大一,4.57,2.07,6.75,21.6,45.2,4.03
S0248,男,大四,3.09,5.89,5.56,37.6,72.8,2.32
S0249,男,大一,2.07,7.28,6.95,23.1,88.8,3.15
S0250,女,大二,1.47,1.98,5.77,48.1,76.3,3.39
S0251,女,大一,2.51,3.02,7.92,18.1,58.1,4.0
S0252,男,大三,2.16,3.94,8.39,20.9,73.6,3.57
S0253,男,大三,1.33,5.75,6.42,20.2,89.6,1.76
S0254,女,大四,4.86,2.22,7.36,21.8,37.3,3.54
S0255,男,大二,4.55,3.18,6.48,51.8,79.0,3.95
S0256,女,大二,3.81,4.51,6.57,43.3,61.6,2.16
S0257,男,大四,1.44,4.07,7.76,62.8,78.8,4.13
S0258,男,大四,3.48,3.01,7.07,72.8,70.8,3.59
S0259,男,大一,3.24,3.33,8.58,13.4,82.9,4.56
S0260,男,大三,3.01,1.71,6.69,33.3,67.9,3.87
S0261,女,大四,3.94,3.19,7.95,10.8,43.2,3.14
S0262,男,大三,3.23,3.15,7.18,18.0,60.4,2.08
S0263,男,大三,3.35,3.8,7.78,20.7,74.0,3.2
S0264,男,大一,3.23,2.78,6.72,13.0,64.7,3.89
S0265,男,大一,2.89,4.11,7.06,13.1,79.0,2.89
S0266,男,大一,0.45,4.82,7.0,29.4,87.5,2.75
S0267,男,大一,2.6,3.7,6.39,10.1,78.2,1.59
S0268,男,大四,1.86,3.96,7.66,47.2,71.9,4.98
S0269,男,大三,1.03,3.57,7.65,15.5,52.6,4.23
S0270,女,大四,4.43,3.5,7.6,82.6,65.2,4.17
S0271,女,大二,4.49,2.56,8.41,23.9,70.9,4.66
S0272,女,大四,4.06,3.91,8.33,33.3,61.0,4.32
S0273,女,大一,2.79,3.37,6.78,8.7,77.0,3.01
S0274,女,大四,4.05,6.22,7.42,62.7,93.4,3.34
S0275,女,大一,2.51,5.55,6.57,52.2,81.9,2.78
S0276,女,大一,2.73,4.0,7.12,37.3,39.7,5.0
S0277,男,大一,1.24,2.51,6.59,7.8,52.8,3.57
S0278,女,大四,2.96,2.05,8.48,35.8,85.7,3.55
S0279,男,大二,2.57,5.05,7.41,11.8,72.7,3.84
S0280,女,大二,1.0,3.84,6.91,58.3,51.8,2.46
S0281,女,大二,2.44,4.12,8.11,46.6,88.6,4.97
S0282,男,大四,2.41,1.23,5.25,33.7,59.0,2.04
S0283,男,大二,4.57,4.71,5.39,0.0,86.3,3.02
S0284,男,大一,3.53,4.09,7.78,14.3,76.8,4.48
S0285,男,大二,2.51,2.06,7.15,44.4,69.3,3.67
S0286,男,大二,2.79,2.89,7.31,53.8,72.2,3.51
S0287,男,大三,2.55,3.84,5.97,52.0,79.5,2.88
S0288,女,大四,2.27,3.57,7.08,3.3,96.7,3.29
S0289,男,大一,1.26,3.12,8.8,37.4,82.2,3.6
S0290,男,大四,2.33,3.37,7.8,50.3,53.8,3.28
S0291,女,大一,1.64,3.17,7.24,2.1,75.2,4.59
S0292,女,大三,1.06,3.7,6.73,31.9,85.3,3.1
S0293,男,大二,3.09,5.41,6.76,36.9,92.9,2.57
S0294,女,大二,2.95,0.2,5.29,26.6,48.8,2.17
S0295,男,大二,0.45,3.19,7.32,0.0,84.1,4.31
S0296,女,大二,2.36,3.73,7.82,26.1,83.1,4.18
S0297,女,大四,3.65,3.88,5.76,26.1,99.4,3.23
S0298,女,大四,3.72,3.02,6.54,29.3,59.3,2.9
S0299,男,大四,3.68,1.22,6.12,21.9,53.0,3.39
S0300,女,大二,2.54,3.93,6.28,24.0,69.1,2.48
S0301,男,大三,1.53,5.75,7.15,31.3,77.2,3.15
S0302,男,大二,1.25,1.51,5.33,40.0,51.2,3.37
S0303,女,大四,2.9,4.62,7.62,26.5,46.3,4.26
S0304,男,大三,2.94,3.07,7.74,24.6,64.5,2.83
S0305,女,大二,3.98,3.42,6.89,33.7,73.6,2.57
S0306,男,大二,3.76,2.13,4.99,0.0,56.6,2.54
S0307,女,大二,2.35,3.07,6.25,40.6,89.8,4.37
S0308,女,大三,1.07,5.19,8.15,32.0,81.2,2.25
S0309,男,大三,2.13,4.26,4.74,32.7,87.3,2.57
S0310,男,大二,2.75,5.75,6.8,49.3,84.4,2.12
S0311,男,大四,2.27,5.03,6.1,0.0,86.9,2.41
S0312,男,大四,1.84,4.07,7.78,0.0,78.0,3.34
S0313,女,大二,2.79,5.77,6.53,36.9,96.4,2.76
S0314,女,大四,1.92,4.07,7.44,31.9,75.2,3.06
S0315,女,大一,1.78,4.58,7.58,35.1,82.6,3.55
S0316,男,大四,2.86,3.11,8.66,23.7,74.3,3.57
S0317,女,大二,2.04,3.59,6.93,44.0,68.6,2.1
S0318,女,大三,2.78,2.59,7.42,48.8,71.3,4.1
S0319,女,大二,2.81,4.79,5.84,40.7,100.0,3.41
S0320,女,大二,1.19,1.97,8.11,27.3,62.5,4.44
S0321,女,大二,1.95,4.52,6.45,0.0,80.5,1.84
S0322,女,大三,4.15,3.25,6.62,45.8,82.2,3.38
S0323,女,大一,1.16,5.02,7.08,54.0,91.9,3.87
S0324,男,大四,0.1,4.48,5.77,43.6,76.6,1.96
S0325,女,大四,0.36,5.87,7.29,16.2,57.9,3.43
S0326,女,大三,2.53,4.45,7.92,44.1,82.0,3.59
S0327,男,大三,2.54,1.46,7.35,47.5,37.1,4.92
S0328,女,大三,2.36,3.41,5.75,60.1,85.9,4.31
S0329,女,大一,3.9,1.98,6.99,16.2,64.6,1.97
S0330,女,大三,0.1,2.83,7.73,27.9,81.1,5.0
S0331,女,大一,2.96,5.46,5.5,45.5,69.0,1.94
S0332,男,大三,4.3,4.33,6.19,33.0,56.0,3.74
S0333,女,大二,1.2,2.59,7.85,11.9,71.1,4.43
S0334,女,大三,2.06,2.18,7.33,39.5,64.9,2.64
S0335,女,大四,1.63,3.54,7.45,42.4,66.8,3.88
S0336,女,大一,1.47,1.92,8.68,33.6,66.5,3.92
S0337,男,大三,2.12,2.63,7.5,36.0,98.0,3.95
S0338,女,大二,4.14,3.91,7.66,27.3,81.6,3.76
S0339,男,大二,4.61,5.0,9.4,58.6,90.2,5.0
S0340,男,大三,2.11,4.29,6.92,15.8,84.3,3.33
S0341,男,大四,4.69,0.52,6.42,21.4,71.0,2.92
S0342,男,大一,2.54,3.9,7.46,32.2,71.2,4.37
S0343,男,大四,4.52,3.59,7.47,47.8,47.9,3.96
S0344,男,大四,2.39,4.04,6.65,5.0,71.4,3.74
S0345,男,大三,2.65,5.6,6.22,8.4,89.3,2.44
S0346,女,大三,2.92,0.82,9.06,0.0,48.9,3.33
S0347,女,大二,6.16,2.73,7.38,32.6,63.2,3.0
S0348,女,大一,3.48,4.27,6.48,11.9,66.0,2.58
S0349,男,大三,1.69,1.44,7.88,25.1,79.0,4.3
S0350,男,大四,3.61,5.42,7.01,43.9,87.7,4.08
S0351,女,大一,2.08,3.98,6.89,20.5,80.7,3.13
S0352,女,大三,1.94,4.6,7.58,36.2,84.0,4.69
S0353,女,大三,3.54,2.76,6.0,26.6,65.5,3.98
S0354,男,大四,2.54,4.56,7.4,44.1,78.6,3.66
S0355,男,大二,2.82,4.89,8.73,40.6,65.8,3.37
S0356,男,大二,2.52,3.8,7.5,19.5,48.8,4.77
S0357,女,大二,2.89,3.8,6.78,29.0,73.7,3.16
S0358,女,大四,2.99,3.85,6.67,50.8,75.7,3.26
S0359,女,大四,0.27,2.38,6.75,39.1,80.3,2.92
S0360,男,大二,3.27,3.31,6.88,6.9,86.8,2.54
S0361,男,大四,1.37,3.3,6.78,43.8,88.0,2.03
S0362,男,大三,0.84,4.0,7.88,12.5,64.3,4.18
S0363,女,大二,2.43,4.8,5.63,57.4,72.4,2.1
S0364,女,大一,2.6,2.12,7.83,50.4,70.3,5.0
S0365,男,大三,1.7,3.34,6.78,37.2,98.5,2.34
S0366,女,大三,3.46,5.43,7.42,34.8,96.2,2.47
S0367,男,大四,0.96,2.53,6.14,28.2,79.1,3.35
S0368,女,大三,2.03,2.43,8.23,44.2,63.0,5.0
S0369,女,大一,1.83,3.76,8.16,25.3,64.0,3.84
S0370,男,大三,2.45,4.6,7.92,36.2,85.8,4.14
S0371,女,大三,2.82,3.51,5.81,47.7,57.8,1.33
S0372,女,大二,1.34,5.23,7.8,21.9,78.2,3.1
S0373,男,大二,3.33,4.61,7.44,20.9,74.9,2.63
S0374,女,大四,2.57,4.59,5.74,10.5,92.8,1.25
S0375,女,大三,0.32,4.22,7.08,12.8,72.2,3.43
S0376,男,大三,0.25,6.53,7.41,0.0,60.6,1.68
S0377,女,大二,2.49,3.23,7.57,45.1,75.8,2.48
S0378,女,大二,2.25,0.9,7.25,64.6,51.2,2.98
S0379,女,大三,2.38,5.59,7.35,57.7,81.9,2.78
S0380,女,大四,2.47,2.9,8.35,2.7,68.3,4.19
S0381,女,大三,2.76,3.64,8.14,45.0,69.4,4.02
S0382,男,大三,3.59,5.2,4.66,57.6,85.3,3.03
S0383,女,大一,1.22,1.42,6.83,23.8,44.9,3.83
S0384,女,大四,1.15,1.87,6.96,33.8,58.5,4.2
S0385,女,大一,1.24,1.42,5.61,0.0,68.4,2.71
S0386,女,大四,2.83,2.47,7.18,36.8,59.3,3.62
S0387,男,大二,3.93,4.07,8.16,12.9,56.0,4.2
S0388,女,大四,2.0,4.18,6.18,35.6,81.4,3.07
S0389,女,大四,0.1,3.86,7.39,3.9,87.1,3.14
S0390,女,大四,0.54,1.66,6.32,41.8,62.6,2.75
S0391,女,大四,1.54,0.5,6.53,50.4,35.4,2.45
S0392,女,大三,1.86,3.57,8.36,17.9,80.7,4.21
S0393,男,大四,2.03,2.89,6.64,11.5,49.9,3.07
S0394,男,大一,2.54,4.1,7.49,0.0,77.7,2.98
S0395,女,大一,2.14,4.41,5.51,27.2,64.7,2.14
S0396,男,大三,3.71,3.68,8.68,21.5,59.7,3.04
S0397,女,大四,1.72,4.49,7.61,4.1,72.0,4.34
S0398,女,大四,1.51,3.8,6.94,40.2,71.1,3.34
S0399,男,大三,3.05,4.19,7.59,23.9,67.4,2.86
S0400,男,大三,0.73,2.58,5.9,12.6,73.5,3.49
S0401,女,大三,2.95,3.27,8.11,22.0,65.6,3.32
S0402,男,大四,2.62,3.76,6.82,51.3,82.8,2.1
S0403,女,大四,2.33,4.57,6.93,42.9,79.3,4.09
S0404,男,大一,4.33,2.99,6.68,29.7,59.4,2.74
S0405,男,大三,1.78,4.18,6.61,43.1,65.0,2.81
S0406,男,大二,4.87,3.15,7.69,11.1,50.2,3.62
S0407,男,大四,2.24,3.35,7.32,32.6,74.0,4.35
S0408,男,大三,1.03,4.58,7.65,34.7,73.9,3.59
S0409,男,大四,2.58,0.91,7.09,23.5,32.5,2.38
S0410,男,大二,1.26,1.81,7.54,39.8,58.4,3.96
S0411,女,大三,1.64,1.57,6.74,18.0,52.3,2.8
S0412,女,大一,2.96,0.47,9.0,41.2,75.1,5.0
S0413,女,大四,3.14,2.62,5.77,41.9,46.7,2.78
S0414,男,大一,1.78,4.47,8.17,0.0,61.3,2.0
S0415,女,大二,3.64,3.13,8.26,53.4,81.7,4.12
S0416,女,大四,3.83,3.76,6.38,0.0,85.8,4.59
S0417,男,大四,4.15,4.92,8.99,20.9,70.1,5.0
S0418,女,大二,3.11,5.23,7.95,50.5,72.7,5.0
S0419,男,大二,4.07,3.41,7.93,26.3,77.0,2.87
S0420,男,大一,0.34,5.26,7.12,5.6,55.5,4.08
S0421,女,大四,2.13,3.62,6.92,12.3,51.3,2.69
S0422,女,大一,1.5,2.41,6.92,50.5,63.4,3.45
S0423,女,大一,2.64,2.73,7.43,0.0,84.6,2.46
S0424,女,大二,1.84,1.58,8.29,52.3,58.5,3.33
S0425,女,大一,2.31,2.35,7.25,31.0,67.0,2.87
S0426,女,大一,4.66,3.03,6.33,10.5,79.2,3.74
S0427,女,大三,2.3,4.54,7.8,21.5,100.0,4.28
S0428,女,大三,2.98,5.74,7.88,13.7,75.8,3.89
S0429,男,大二,2.23,1.7,7.66,47.6,63.0,2.5
S0430,男,大四,2.59,4.01,7.73,45.2,94.1,3.36
S0431,女,大三,2.51,2.15,6.87,1.1,47.7,2.65
S0432,男,大一,3.02,4.12,6.31,24.7,84.4,3.71
S0433,女,大三,3.84,3.33,6.36,16.5,57.6,3.97
S0434,女,大三,4.39,1.12,5.71,55.3,58.4,3.6
S0435,女,大四,2.86,4.71,7.3,7.7,74.2,2.82
S0436,女,大一,3.18,2.71,7.03,60.9,56.3,1.12
S0437,女,大一,1.18,2.81,6.73,31.4,57.6,1.77
S0438,女,大二,2.4,2.11,4.59,11.1,65.6,3.42
S0439,女,大二,3.58,2.65,6.04,19.8,76.4,2.58
S0440,女,大四,3.5,4.06,8.05,17.6,72.4,3.14
S0441,男,大三,2.74,3.25,6.54,9.1,70.1,4.42
S0442,男,大三,3.52,3.93,7.41,33.7,79.0,4.48
S0443,男,大三,3.06,3.97,5.92,9.9,61.4,2.87
S0444,男,大四,3.88,5.22,8.32,0.0,87.5,3.62
S0445,男,大二,2.83,3.05,6.98,25.2,77.7,3.18
S0446,女,大一,2.09,1.58,7.35,0.0,91.0,3.63
S0447,女,大一,2.89,4.89,9.08,18.5,75.0,5.0
S0448,女,大二,0.1,3.07,8.39,15.6,66.7,4.22
S0449,女,大三,2.94,4.95,6.84,16.3,86.0,3.81
S0450,男,大二,0.1,4.0,6.6,68.0,83.8,4.07
S0451,女,大二,0.52,3.33,6.82,33.0,65.6,2.29
S0452,男,大二,3.02,3.95,7.53,36.4,68.9,4.13
S0453,男,大四,3.05,6.04,7.01,0.0,88.8,3.07
S0454,女,大四,1.16,6.2,6.76,20.2,75.7,1.19
S0455,男,大一,1.68,3.59,8.35,35.9,68.6,2.16
S0456,女,大一,4.08,3.71,7.0,13.6,71.9,2.49
S0457,女,大一,1.94,4.9,9.05,48.3,90.8,4.59
S0458,女,大四,5.08,2.4,7.18,10.4,57.5,3.47
S0459,女,大二,2.5,3.93,8.62,26.8,54.2,4.13
S0460,男,大四,2.97,3.47,7.4,21.5,49.8,5.0
S0461,女,大三,4.36,3.91,7.92,35.0,58.6,2.67
S0462,女,大三,2.65,2.42,6.48,20.5,50.9,3.06
S0463,女,大二,1.35,1.43,6.37,27.1,59.7,3.28
S0464,女,大二,2.37,0.81,7.49,27.7,45.5,2.92
S0465,男,大一,2.46,2.05,7.94,18.8,57.1,3.72
S0466,男,大三,0.93,2.9,7.13,40.7,60.9,2.08
S0467,女,大二,2.21,3.12,6.01,36.3,63.8,4.01
S0468,男,大二,1.65,6.02,5.94,30.4,97.4,2.31
S0469,女,大一,3.56,4.94,5.89,24.3,83.6,4.46
S0470,女,大四,2.54,2.25,5.6,46.3,64.1,2.68
S0471,男,大四,2.17,3.95,7.19,27.8,68.5,4.2
S0472,女,大二,2.38,2.97,8.06,26.5,64.7,3.7
S0473,女,大三,2.76,3.13,7.09,33.9,72.8,3.31
S0474,女,大四,3.21,3.74,5.18,62.5,76.7,2.07
S0475,女,大三,1.35,4.3,6.94,7.9,65.7,3.37
S0476,男,大三,1.3,3.06,6.96,45.9,70.1,3.54
S0477,女,大二,3.77,4.88,8.88,0.0,56.0,3.46
S0478,女,大三,2.03,2.02,5.86,35.9,65.7,2.72
S0479,女,大三,0.87,3.51,6.77,60.4,80.4,2.71
S0480,男,大三,3.01,6.88,8.55,40.8,85.1,5.0
S0481,男,大三,3.03,3.79,7.48,35.1,92.4,3.43
S0482,男,大三,0.74,5.36,7.58,21.9,72.0,4.78
S0483,男,大一,2.76,3.62,7.2,32.6,74.0,3.23
S0484,男,大四,3.35,4.26,7.38,27.5,74.0,3.67
S0485,男,大四,2.93,3.43,7.76,17.9,69.9,2.56
S0486,男,大一,3.23,3.28,6.41,26.8,67.7,2.7
S0487,女,大二,0.89,2.49,7.85,35.6,69.2,3.82
S0488,女,大四,2.88,4.06,5.93,18.2,81.9,4.12
S0489,女,大二,2.15,2.39,7.38,17.5,81.4,3.64
S0490,女,大四,1.94,4.37,7.25,7.5,75.8,4.51
S0491,女,大四,3.5,4.91,6.58,39.0,85.8,3.63
S0492,男,大四,4.2,3.98,7.08,41.8,64.5,4.64
S0493,男,大一,4.56,3.13,6.57,36.2,75.9,3.07
S0494,女,大二,4.01,4.09,6.19,49.4,63.8,4.87
S0495,女,大三,2.37,3.1,6.8,33.6,81.0,2.83
S0496,女,大四,2.91,4.72,6.16,39.1,100.0,2.33
S0497,男,大一,3.38,1.12,7.37,37.5,58.0,2.49
S0498,女,大二,2.64,3.06,6.12,30.4,44.0,4.8
S0499,女,大一,2.65,0.91,7.71,22.4,53.1,4.25
S0500,女,大四,3.45,1.56,6.1,71.9,73.9,2.65
