sample_id,teaching_mode,exam_score
1,A互动教学,83.20823262955342
2,A互动教学,85.25764661190789
3,A互动教学,74.84485687478191
4,A互动教学,74.08121223493784
5,A互动教学,79.88391094330129
6,A互动教学,79.99785467634365
7,A互动教学,79.1219223590346
8,A互动教学,78.65483331585824
9,A互动教学,80.77781148984526
10,A互动教学,83.58431456140366
11,A互动教学,77.71922027548584
12,A互动教学,80.31462909739551
13,A互动教学,80.47315939959127
14,A互动教学,73.43302124536247
15,A互动教学,77.52831301977426
16,A互动教学,79.95421295454597
17,A互动教学,79.22637480770248
18,A互动教学,88.45126568822916
19,A互动教学,81.65612297672291
20,A互动教学,83.41316520351373
21,A互动教学,78.77079794490338
22,A互动教学,75.54967530855845
23,A互动教学,79.51394557138963
24,A互动教学,75.30341354199201
25,A互动教学,76.07773774876304
26,A互动教学,79.23320496642673
27,A互动教学,77.52252349892923
28,A互动教学,85.4437822541459
29,A互动教学,81.46869931016484
30,A互动教学,82.94405423704296
31,A互动教学,87.02873598704873
32,A互动教学,83.0230415568699
33,A互动教学,82.02989186232575
34,A互动教学,72.01564443235618
35,A互动教学,80.54260229791518
36,A互动教学,76.3556618356705
37,A互动教学,75.62146012870055
38,A互动教学,79.79723935994096
39,A互动教学,81.60650603915698
40,A互动教学,84.65886651129622
41,A互动教学,78.1500021525611
42,A互动教学,81.47659251605003
43,A互动教学,80.15141242934695
44,A互动教学,79.25832389105655
45,A互动教学,76.5011124677863
46,A互动教学,79.69962500926879
47,A互动教学,78.19141486959137
48,A互动教学,80.63469777683135
49,A互动教学,81.59562363843298
50,A互动教学,77.46483668945415
51,A互动教学,78.15816235700953
52,A互动教学,75.85033011257755
53,A互动教学,86.93458489968502
54,A互动教学,82.37144986239758
55,A互动教学,80.73901255243763
56,A互动教学,86.05183417123496
57,A互动教学,77.7367064027619
58,A互动教学,78.38617334516735
59,A互动教学,86.31775579262293
60,A互动教学,78.76045497205081
61,A互动教学,81.90234108895893
62,A互动教学,80.19063555300689
63,A互动教学,87.31708921628095
64,A互动教学,81.61371619356255
65,A互动教学,78.10645211603178
66,A互动教学,88.11736815772616
67,A互动教学,78.66272526344959
68,A互动教学,82.71997657991618
69,A互动教学,85.62870297427762
70,A互动教学,85.53302097898879
71,A互动教学,81.33726466541012
72,A互动教学,81.0598880447064
73,A互动教学,74.49578679916272
74,A互动教学,88.10972921615897
75,A互动教学,81.27625483275916
76,A互动教学,78.94294654031506
77,A互动教学,79.11783316090391
78,A互动教学,77.8861762990677
79,A互动教学,80.56092991200062
80,A互动教学,78.6121322411388
81,A互动教学,80.93823789240847
82,A互动教学,78.21813318171758
83,A互动教学,80.88655217320697
84,A互动教学,82.34286767139422
85,A互动教学,89.51304433565629
86,A互动教学,80.97383303532179
87,A互动教学,77.97935101897232
88,A互动教学,72.19538436866992
89,A互动教学,77.77185256582993
90,A互动教学,85.97234531067801
91,B常规教学,90.9956931588602
92,B常规教学,95.72275454039541
93,B常规教学,58.13334476877978
94,B常规教学,96.42278360333843
95,B常规教学,82.01490445796091
96,B常规教学,58.250667917615985
97,B常规教学,58.87901988890784
98,B常规教学,74.6590807788878
99,B常规教学,96.75723188530073
100,B常规教学,65.42712277233143
101,B常规教学,51.815626123552526
102,B常规教学,71.42371970134772
103,B常规教学,83.44411547589459
104,B常规教学,69.50159924664491
105,B常规教学,76.40318835555557
106,B常规教学,63.40876909819425
107,B常规教学,66.84218660016872
108,B常规教学,97.3599293295921
109,B常规教学,69.14102351378581
110,B常规教学,69.53217086824927
111,B常规教学,54.0614718862701
112,B常规教学,72.07319111667155
113,B常规教学,74.69558423025563
114,B常规教学,93.8018465741161
115,B常规教学,81.2553668190265
116,B常规教学,63.18193674351843
117,B常规教学,68.3589885331227
118,B常规教学,64.30157835251183
119,B常规教学,71.0481084756395
120,B常规教学,69.73415887080279
121,B常规教学,75.42856592528858
122,B常规教学,78.12071410538265
123,B常规教学,91.69654626328808
124,B常规教学,74.65907468667218
125,B常规教学,64.00244834283478
126,B常规教学,63.15708317749961
127,B常规教学,75.53850295745342
128,B常规教学,66.57955775472225
129,B常规教学,68.0720977412939
130,B常规教学,60.3676608584447
131,B常规教学,66.1931656140153
132,B常规教学,65.28448164797523
133,B常规教学,64.44682119416673
134,B常规教学,74.99194318355605
135,B常规教学,79.37102847334116
136,B常规教学,94.88012953538271
137,B常规教学,71.48543433353724
138,B常规教学,58.32269790630488
139,B常规教学,73.41655304300701
140,B常规教学,84.1783107264968
141,B常规教学,76.96067144264853
142,B常规教学,64.30816901034143
143,B常规教学,70.53643641281568
144,B常规教学,80.4195785977572
145,B常规教学,74.73815744255394
146,B常规教学,81.79625859719482
147,B常规教学,74.44501906696989
148,B常规教学,77.0430062838991
149,B常规教学,79.99192434040117
150,B常规教学,69.96619829268374
151,B常规教学,65.93829121045984
152,B常规教学,80.35243499630027
153,B常规教学,69.74351083605096
154,B常规教学,55.62916195027264
155,B常规教学,61.170043737080746
156,B常规教学,65.29637952285177
157,B常规教学,55.215139430166715
158,B常规教学,72.28135829775326
159,B常规教学,74.1469012442887
160,B常规教学,64.70281019946236
161,B常规教学,89.33819189018443
162,B常规教学,50.949488479341994
163,B常规教学,56.64835789442384
164,B常规教学,56.448894637770174
165,B常规教学,69.17324070615142
166,B常规教学,69.60843835241977
167,B常规教学,61.706052603195786
168,B常规教学,79.90373437005276
169,B常规教学,41.93589649662585
170,B常规教学,88.18221413319998
171,B常规教学,71.60786239614444
172,B常规教学,73.79889792859782
173,B常规教学,66.32829307257848
174,B常规教学,85.23232805160131
175,B常规教学,67.76512892358187
176,B常规教学,65.36632358715865
177,B常规教学,63.197995569404725
178,B常规教学,52.57092150320784
179,B常规教学,72.05012076386136
180,B常规教学,67.21309413393658
