student_id,synthetic_x,synthetic_y
SYN001,0.1257302210933933,2.002392583645255
SYN002,-0.1321048632913019,0.18851919251246557
SYN003,0.6404226504432821,-0.6331940901922267
SYN004,0.10490011715303971,-0.37756350523280824
SYN005,-0.535669373161111,-1.0911461176191954
SYN006,0.36159505490948474,-1.277680166386608
SYN007,1.3040000451301372,0.6304114907682319
SYN008,0.9470809631292422,0.5811658124128057
SYN009,-0.7037352358069926,1.294558819441117
SYN010,-1.2654214710460525,-0.7546057912599311
SYN011,-0.6232744625373522,1.689107452443673
SYN012,0.0413259793472436,-0.2873877078086663
SYN013,-2.3250307746388343,1.5744082788445868
SYN014,-0.21879166393254573,-0.4327858471825968
SYN015,-1.2459109472530652,-0.735483292342275
SYN016,-0.7322673547034516,0.24978537155866684
SYN017,-0.5442589828573099,1.0314530848694723
SYN018,-0.31630015636915454,0.16100957671534466
SYN019,0.4116305363741328,-0.5855288241233366
SYN020,1.0425133694426776,-1.341219714076669
SYN021,-0.12853466294403426,-1.401520214917428
SYN022,1.3664634705496859,0.5026828498748657
SYN023,-0.6651946734866135,0.989713033285805
SYN024,0.3515100700930197,-0.1642945926252907
SYN025,0.9034701816518086,-1.0743648582284346
SYN026,0.09401229776087457,0.8730421526217066
SYN027,-0.7434992493538084,-1.2803939447145731
SYN028,-0.9217253762584194,-0.7130680950592722
SYN029,-0.45772582566733916,0.6210178535400985
SYN030,0.2201951234700494,-2.2501411735745918
SYN031,-1.009618183538736,0.38636959756630584
SYN032,-0.20917557487171307,-0.5816408364095031
SYN033,-0.15922500991447772,0.10927969747781388
SYN034,0.5408455846858077,-0.07570152622082311
SYN035,0.2146591225063409,0.20211439504395987
SYN036,0.3553727090399214,0.6941719367070082
SYN037,-0.6538286094183394,-0.7583697508984092
SYN038,-0.12961363369276946,1.4209820223119163
SYN039,0.7839754700613295,0.726093788947765
SYN040,1.4934311452207607,0.843732662303268
SYN041,-1.2590655321041202,1.1648639811110282
SYN042,1.5139237747390626,0.7875882217058694
SYN043,1.3458754237823045,0.844078680578592
SYN044,0.7813114007004275,0.07559361074288512
SYN045,0.2644556303293035,-1.4267738509897323
SYN046,-0.3139228145364278,-0.13504510003701392
SYN047,1.4580206835369587,-0.7695146401767057
SYN048,1.9602583164499647,-1.4227417685154136
SYN049,1.801634869866125,0.25845279091298756
SYN050,1.31510376473437,-0.5685494541476426
SYN051,0.357380410658956,-1.0298044380114637
SYN052,-1.2083186322821715,-1.0430010800715654
SYN053,-0.004454133120083229,0.26841707970891465
SYN054,0.6564749350763358,0.35867194917034445
SYN055,-1.2883614637495544,1.3224574697668332
SYN056,0.39512206018200824,-0.013914668524093734
SYN057,0.42986369482223,1.0418397592128221
SYN058,0.6960427239628685,1.4022648267725224
SYN059,-1.184117966757189,1.1501656361496921
SYN060,-0.6617025720390349,-2.3653039062769743
SYN061,-0.43643524714322124,1.228683719203421
SYN062,-1.169801907772864,0.33962000824864264
SYN063,1.739367877130134,0.42377135285334727
SYN064,-0.4959107284421519,0.37122741773625884
SYN065,0.3289696294602021,0.3827571602707609
SYN066,-0.258572545473924,0.3194142202523809
SYN067,1.5834728788021222,-0.35891330853862047
SYN068,1.3203609870818391,-1.9016352983759945
SYN069,0.6333526228249152,-0.10891472790742324
SYN070,-2.2035098806466507,-0.8037318485206766
SYN071,0.05202897425988651,1.0801634125378852
SYN072,0.6836861907765345,-0.2887665059953775
SYN073,1.0039615758421696,0.08347535610700986
SYN074,-0.6179070447076008,-0.8496059556101431
SYN075,1.8220113633283233,-0.5106224678981267
SYN076,-1.3204309700132935,-0.011533061686586776
SYN077,-0.6615280218152191,-1.4853751842635452
SYN078,0.9350499881140221,0.3006851142946058
SYN079,0.049054613825311656,-0.10607225344775092
SYN080,6.0,4.8
